CREATE TABLE VAROS 
(
  V_NEV VARCHAR2(50 BYTE) NOT NULL
, IRSZ VARCHAR2(4 BYTE) NOT NULL 
, CONSTRAINT VAROS_PK PRIMARY KEY (V_NEV)
)

CREATE TABLE FELHASZNALOK 
(
  NEV VARCHAR2(50) NOT NULL 
, JELSZO VARCHAR2(16) NOT NULL 
, EGYENLEG NUMBER DEFAULT 0 NOT NULL 
, TORZSVASARLO NUMBER DEFAULT 0 NOT NULL 
, LAKCIM VARCHAR2(50 BYTE) NOT NULL 
, VAROS_NEV VARCHAR2(50 BYTE) NOT NULL 
, CONSTRAINT FELHASZNALOK_PK PRIMARY KEY (NEV)
, CONSTRAINT FELHASZNALOK_FK FOREIGN KEY (VAROS_NEV) REFERENCES VAROS(V_NEV)
) 

CREATE TABLE KATEGORIA
(
  KAT_NEV VARCHAR2(50) NOT NULL
, CONSTRAINT KATEGORIA_PK PRIMARY KEY (KAT_NEV)
)

CREATE TABLE ARU 
(
  NEV VARCHAR2(50) NOT NULL 
, KAT_NEV VARCHAR2(50) NOT NULL
, MEGJELENES DATE NOT NULL
, EGYSEG_AR INT NOT NULL
, KESZLET INT NOT NULL
, CONSTRAINT ARU_PK PRIMARY KEY (NEV)
, CONSTRAINT ARU_FK FOREIGN KEY (KAT_NEV) REFERENCES KATEGORIA(KAT_NEV)
)

CREATE TABLE VELEMENY
(
  FELH_NEV VARCHAR2(50) NOT NULL
, ARU_NEV VARCHAR2(50) NOT NULL
, VELEMENY_SZOVEG VARCHAR2(255) NOT NULL
, CONSTRAINT VELEMENY_FK FOREIGN KEY (FELH_NEV) REFERENCES FELHASZNALOK(NEV)
, CONSTRAINT VELEMENY_FK2 FOREIGN KEY (ARU_NEV) REFERENCES ARU(NEV)
)

CREATE TABLE KOSAR
(
  ARU_NEV VARCHAR2(50) NOT NULL
, DARAB_SZAM NUMBER DEFAULT 0 NOT NULL
, CONSTRAINT KOSAR_FK FOREIGN KEY (ARU_NEV) REFERENCES ARU(NEV)
)

CREATE TABLE RENDELESEK
(
  FELH_NEV VARCHAR2(50) NOT NULL
, ARU_NEV VARCHAR2(50) NOT NULL
, EGYSEG_AR INT NOT NULL
, DARAB_SZAM NUMBER NOT NULL
, IDOPONT DATE NOT NULL
, CONSTRAINT RENDELESEK_PK PRIMARY KEY (IDOPONT)
, CONSTRAINT RENDELESEK_FK FOREIGN KEY (FELH_NEV) REFERENCES FELHASZNALOK(NEV)
, CONSTRAINT RENDELESEK_FK2 FOREIGN KEY (ARU_NEV) REFERENCES ARU(NEV)
)

CREATE TABLE SZAMLA
(
  FELH_NEV VARCHAR2(50) NOT NULL
, IDOPONT DATE NOT NULL
, VEGOSSZEG NUMBER DEFAULT 0 NOT NULL
, ISKISZALLITVA NUMBER DEFAULT 0 NOT NULL
, CONSTRAINT SZAMLA_FK FOREIGN KEY (FELH_NEV) REFERENCES FELHASZNALOK(NEV)
, CONSTRAINT SZAMLA_FK2 FOREIGN KEY (IDOPONT) REFERENCES RENDELESEK(IDOPONT)
)

CREATE TABLE SZALLITAS
(
  V_NEV VARCHAR2(50) NOT NULL
, INIT_DATUM DATE NOT NULL
, FINAL_DATUM DATE NOT NULL
, SZALLITAS_KTG INT NOT NULL
, CONSTRAINT SZALLITAS_FK FOREIGN KEY (V_NEV) REFERENCES VAROS(V_NEV)
)

CREATE TABLE KEDVEZMENY
(
  LOWER_LIMIT INT NOT NULL
, RATE NUMBER NOT NULL
, CONSTRAINT KEDVEZMENY_PK PRIMARY KEY (LOWER_LIMIT)
)



INSERT INTO KEDVEZMENY(LOWER_LIMIT,RATE) VALUES (500, 8);
INSERT INTO KEDVEZMENY(LOWER_LIMIT,RATE) VALUES (1000, 10);
INSERT INTO KEDVEZMENY(LOWER_LIMIT,RATE) VALUES (10000, 20);
INSERT INTO KEDVEZMENY(LOWER_LIMIT,RATE) VALUES (20000, 30);
INSERT INTO KEDVEZMENY(LOWER_LIMIT,RATE) VALUES (30000, 40);
INSERT INTO KEDVEZMENY(LOWER_LIMIT,RATE) VALUES (40000, 50);
INSERT INTO KEDVEZMENY(LOWER_LIMIT,RATE) VALUES (60000, 60);
INSERT INTO KEDVEZMENY(LOWER_LIMIT,RATE) VALUES (1000000, 70);
INSERT INTO KEDVEZMENY(LOWER_LIMIT,RATE) VALUES (100000000, 80);
INSERT INTO KEDVEZMENY(LOWER_LIMIT,RATE) VALUES (100000000000, 90);

INSERT INTO KATEGORIA(KAT_NEV) VALUES ('Könyvek');
INSERT INTO KATEGORIA(KAT_NEV) VALUES ('Szórakozás');
INSERT INTO KATEGORIA(KAT_NEV) VALUES ('Elektronika');
INSERT INTO KATEGORIA(KAT_NEV) VALUES ('Kertészkedés');
INSERT INTO KATEGORIA(KAT_NEV) VALUES ('Szépség ápolás');
INSERT INTO KATEGORIA(KAT_NEV) VALUES ('Egészség');
INSERT INTO KATEGORIA(KAT_NEV) VALUES ('Gyerek játékok');
INSERT INTO KATEGORIA(KAT_NEV) VALUES ('Öltözködés');
INSERT INTO KATEGORIA(KAT_NEV) VALUES ('Ékszerek');
INSERT INTO KATEGORIA(KAT_NEV) VALUES ('Saját készítésű');
INSERT INTO KATEGORIA(KAT_NEV) VALUES ('Sport');
INSERT INTO KATEGORIA(KAT_NEV) VALUES ('Jármű');

INSERT INTO VAROS(V_NEV, IRSZ) VALUES ('Szeged', '6000');
INSERT INTO VAROS(V_NEV, IRSZ) VALUES ('Békéscsaba', '5600');
INSERT INTO VAROS(V_NEV, IRSZ) VALUES ('Gyula', '5700');

INSERT INTO FELHASZNALOK(NEV, JELSZO, LAKCIM, VAROS_NEV) VALUES ('Aldous Kilner', 'asd', 'Rákóczi Ferenc 1', 'Szeged');
INSERT INTO FELHASZNALOK(NEV, JELSZO, LAKCIM, VAROS_NEV) VALUES ('Aldous Lister', 'asd', 'Rákóczi Ferenc 1', 'Szeged');
INSERT INTO FELHASZNALOK(NEV, JELSZO, LAKCIM, VAROS_NEV) VALUES ('Aldous Sawyer', 'asd', 'Rákóczi Ferenc 1', 'Szeged');
INSERT INTO FELHASZNALOK(NEV, JELSZO, LAKCIM, VAROS_NEV) VALUES ('Aldous Cheeseman', 'asd', 'Rákóczi Ferenc 1', 'Szeged');
INSERT INTO FELHASZNALOK(NEV, JELSZO, LAKCIM, VAROS_NEV) VALUES ('Aldous Gisborne', 'asd', 'Rákóczi Ferenc 1', 'Szeged');
INSERT INTO FELHASZNALOK(NEV, JELSZO, LAKCIM, VAROS_NEV) VALUES ('Aldous Chudderley', 'asd', 'Rákóczi Ferenc 1', 'Szeged');
INSERT INTO FELHASZNALOK(NEV, JELSZO, LAKCIM, VAROS_NEV) VALUES ('Aldous Lyfeld', 'asd', 'Rákóczi Ferenc 1', 'Szeged');
INSERT INTO FELHASZNALOK(NEV, JELSZO, LAKCIM, VAROS_NEV) VALUES ('Aldous Shipwash', 'asd', 'Rákóczi Ferenc 1', 'Szeged');
INSERT INTO FELHASZNALOK(NEV, JELSZO, LAKCIM, VAROS_NEV) VALUES ('Aldous Gomfrey', 'asd', 'Rákóczi Ferenc 1', 'Szeged');
INSERT INTO FELHASZNALOK(NEV, JELSZO, LAKCIM, VAROS_NEV) VALUES ('Aldous Barnes', 'asd', 'Rákóczi Ferenc 1', 'Szeged');
INSERT INTO FELHASZNALOK(NEV, JELSZO, LAKCIM, VAROS_NEV) VALUES ('Aldous Hornebolt', 'asd', 'Rákóczi Ferenc 1', 'Szeged');
INSERT INTO FELHASZNALOK(NEV, JELSZO, LAKCIM, VAROS_NEV) VALUES ('Aldous Fodd', 'asd', 'Rákóczi Ferenc 1', 'Szeged');
INSERT INTO FELHASZNALOK(NEV, JELSZO, LAKCIM, VAROS_NEV) VALUES ('Aldous Wilkins', 'asd', 'Rákóczi Ferenc 1', 'Szeged');
INSERT INTO FELHASZNALOK(NEV, JELSZO, LAKCIM, VAROS_NEV) VALUES ('Aldous Wrenn', 'asd', 'Rákóczi Ferenc 1', 'Szeged');
INSERT INTO FELHASZNALOK(NEV, JELSZO, LAKCIM, VAROS_NEV) VALUES ('Aldous Chauncey', 'asd', 'Rákóczi Ferenc 1', 'Szeged');
INSERT INTO FELHASZNALOK(NEV, JELSZO, LAKCIM, VAROS_NEV) VALUES ('Aldous Castletown', 'asd', 'Rákóczi Ferenc 1', 'Szeged');
INSERT INTO FELHASZNALOK(NEV, JELSZO, LAKCIM, VAROS_NEV) VALUES ('Aldous Bushbury', 'asd', 'Rákóczi Ferenc 1', 'Szeged');
INSERT INTO FELHASZNALOK(NEV, JELSZO, LAKCIM, VAROS_NEV) VALUES ('Aldous Felbrigg', 'asd', 'Rákóczi Ferenc 1', 'Szeged');
INSERT INTO FELHASZNALOK(NEV, JELSZO, LAKCIM, VAROS_NEV) VALUES ('Aldous Knody', 'asd', 'Rákóczi Ferenc 1', 'Szeged');
INSERT INTO FELHASZNALOK(NEV, JELSZO, LAKCIM, VAROS_NEV) VALUES ('Aldous Pratt', 'asd', 'Rákóczi Ferenc 1', 'Szeged');
INSERT INTO FELHASZNALOK(NEV, JELSZO, LAKCIM, VAROS_NEV) VALUES ('Aldous Plimmswood', 'asd', 'Rákóczi Ferenc 1', 'Szeged');
INSERT INTO FELHASZNALOK(NEV, JELSZO, LAKCIM, VAROS_NEV) VALUES ('Aldous Pelletoot', 'asd', 'Rákóczi Ferenc 1', 'Szeged');
INSERT INTO FELHASZNALOK(NEV, JELSZO, LAKCIM, VAROS_NEV) VALUES ('Aldous Eggerley', 'asd', 'Rákóczi Ferenc 1', 'Szeged');
INSERT INTO FELHASZNALOK(NEV, JELSZO, LAKCIM, VAROS_NEV) VALUES ('Aldous Switt', 'asd', 'Rákóczi Ferenc 1', 'Szeged');

INSERT INTO FELHASZNALOK(NEV, JELSZO, LAKCIM, VAROS_NEV) VALUES ('Alistair Kilner', 'qwe', 'József Attila 14', 'Gyula');
INSERT INTO FELHASZNALOK(NEV, JELSZO, LAKCIM, VAROS_NEV) VALUES ('Alistair Lister', 'qwe', 'József Attila 14', 'Gyula');
INSERT INTO FELHASZNALOK(NEV, JELSZO, LAKCIM, VAROS_NEV) VALUES ('Alistair Sawyer', 'qwe', 'József Attila 14', 'Gyula');
INSERT INTO FELHASZNALOK(NEV, JELSZO, LAKCIM, VAROS_NEV) VALUES ('Alistair Cheeseman', 'qwe', 'József Attila 14', 'Gyula');
INSERT INTO FELHASZNALOK(NEV, JELSZO, LAKCIM, VAROS_NEV) VALUES ('Alistair Gisborne', 'qwe', 'József Attila 14', 'Gyula');
INSERT INTO FELHASZNALOK(NEV, JELSZO, LAKCIM, VAROS_NEV) VALUES ('Alistair Chudderley', 'qwe', 'József Attila 14', 'Gyula');
INSERT INTO FELHASZNALOK(NEV, JELSZO, LAKCIM, VAROS_NEV) VALUES ('Alistair Lyfeld', 'qwe', 'József Attila 14', 'Gyula');
INSERT INTO FELHASZNALOK(NEV, JELSZO, LAKCIM, VAROS_NEV) VALUES ('Alistair Shipwash', 'qwe', 'József Attila 14', 'Gyula');
INSERT INTO FELHASZNALOK(NEV, JELSZO, LAKCIM, VAROS_NEV) VALUES ('Alistair Gomfrey', 'qwe', 'József Attila 14', 'Gyula');
INSERT INTO FELHASZNALOK(NEV, JELSZO, LAKCIM, VAROS_NEV) VALUES ('Alistair Barnes', 'qwe', 'József Attila 14', 'Gyula');
INSERT INTO FELHASZNALOK(NEV, JELSZO, LAKCIM, VAROS_NEV) VALUES ('Alistair Hornebolt', 'qwe', 'József Attila 14', 'Gyula');
INSERT INTO FELHASZNALOK(NEV, JELSZO, LAKCIM, VAROS_NEV) VALUES ('Alistair Fodd', 'qwe', 'József Attila 14', 'Gyula');
INSERT INTO FELHASZNALOK(NEV, JELSZO, LAKCIM, VAROS_NEV) VALUES ('Alistair Wilkins', 'qwe', 'József Attila 14', 'Gyula');
INSERT INTO FELHASZNALOK(NEV, JELSZO, LAKCIM, VAROS_NEV) VALUES ('Alistair Wrenn', 'qwe', 'József Attila 14', 'Gyula');
INSERT INTO FELHASZNALOK(NEV, JELSZO, LAKCIM, VAROS_NEV) VALUES ('Alistair Chauncey', 'qwe', 'József Attila 14', 'Gyula');
INSERT INTO FELHASZNALOK(NEV, JELSZO, LAKCIM, VAROS_NEV) VALUES ('Alistair Castletown', 'qwe', 'József Attila 14', 'Gyula');
INSERT INTO FELHASZNALOK(NEV, JELSZO, LAKCIM, VAROS_NEV) VALUES ('Alistair Bushbury', 'qwe', 'József Attila 14', 'Gyula');
INSERT INTO FELHASZNALOK(NEV, JELSZO, LAKCIM, VAROS_NEV) VALUES ('Alistair Felbrigg', 'qwe', 'József Attila 14', 'Gyula');
INSERT INTO FELHASZNALOK(NEV, JELSZO, LAKCIM, VAROS_NEV) VALUES ('Alistair Knody', 'qwe', 'József Attila 14', 'Gyula');
INSERT INTO FELHASZNALOK(NEV, JELSZO, LAKCIM, VAROS_NEV) VALUES ('Alistair Pratt', 'qwe', 'József Attila 14', 'Gyula');
INSERT INTO FELHASZNALOK(NEV, JELSZO, LAKCIM, VAROS_NEV) VALUES ('Alistair Plimmswood', 'qwe', 'József Attila 14', 'Gyula');
INSERT INTO FELHASZNALOK(NEV, JELSZO, LAKCIM, VAROS_NEV) VALUES ('Alistair Pelletoot', 'qwe', 'József Attila 14', 'Gyula');
INSERT INTO FELHASZNALOK(NEV, JELSZO, LAKCIM, VAROS_NEV) VALUES ('Alistair Eggerley', 'qwe', 'József Attila 14', 'Gyula');
INSERT INTO FELHASZNALOK(NEV, JELSZO, LAKCIM, VAROS_NEV) VALUES ('Alistair Switt', 'qwe', 'József Attila 14', 'Gyula');

INSERT INTO FELHASZNALOK(NEV, JELSZO, LAKCIM, VAROS_NEV) VALUES ('Avery Kilner', 'starwars', 'Lachner György 42', 'Békéscsaba');
INSERT INTO FELHASZNALOK(NEV, JELSZO, LAKCIM, VAROS_NEV) VALUES ('Avery Lister', 'starwars', 'Lachner György 42', 'Békéscsaba');
INSERT INTO FELHASZNALOK(NEV, JELSZO, LAKCIM, VAROS_NEV) VALUES ('Avery Sawyer', 'starwars', 'Lachner György 42', 'Békéscsaba');
INSERT INTO FELHASZNALOK(NEV, JELSZO, LAKCIM, VAROS_NEV) VALUES ('Avery Cheeseman', 'starwars', 'Lachner György 42', 'Békéscsaba');
INSERT INTO FELHASZNALOK(NEV, JELSZO, LAKCIM, VAROS_NEV) VALUES ('Avery Gisborne', 'starwars', 'Lachner György 42', 'Békéscsaba');
INSERT INTO FELHASZNALOK(NEV, JELSZO, LAKCIM, VAROS_NEV) VALUES ('Avery Chudderley', 'starwars', 'Lachner György 42', 'Békéscsaba');
INSERT INTO FELHASZNALOK(NEV, JELSZO, LAKCIM, VAROS_NEV) VALUES ('Avery Lyfeld', 'starwars', 'Lachner György 42', 'Békéscsaba');
INSERT INTO FELHASZNALOK(NEV, JELSZO, LAKCIM, VAROS_NEV) VALUES ('Avery Shipwash', 'starwars', 'Lachner György 42', 'Békéscsaba');
INSERT INTO FELHASZNALOK(NEV, JELSZO, LAKCIM, VAROS_NEV) VALUES ('Avery Gomfrey', 'starwars', 'Lachner György 42', 'Békéscsaba');
INSERT INTO FELHASZNALOK(NEV, JELSZO, LAKCIM, VAROS_NEV) VALUES ('Avery Barnes', 'starwars', 'Lachner György 42', 'Békéscsaba');
INSERT INTO FELHASZNALOK(NEV, JELSZO, LAKCIM, VAROS_NEV) VALUES ('Avery Hornebolt', 'starwars', 'Lachner György 42', 'Békéscsaba');
INSERT INTO FELHASZNALOK(NEV, JELSZO, LAKCIM, VAROS_NEV) VALUES ('Avery Fodd', 'starwars', 'Lachner György 42', 'Békéscsaba');
INSERT INTO FELHASZNALOK(NEV, JELSZO, LAKCIM, VAROS_NEV) VALUES ('Avery Wilkins', 'starwars', 'Lachner György 42', 'Békéscsaba');
INSERT INTO FELHASZNALOK(NEV, JELSZO, LAKCIM, VAROS_NEV) VALUES ('Avery Wrenn', 'starwars', 'Lachner György 42', 'Békéscsaba');
INSERT INTO FELHASZNALOK(NEV, JELSZO, LAKCIM, VAROS_NEV) VALUES ('Avery Chauncey', 'starwars', 'Lachner György 42', 'Békéscsaba');
INSERT INTO FELHASZNALOK(NEV, JELSZO, LAKCIM, VAROS_NEV) VALUES ('Avery Castletown', 'starwars', 'Lachner György 42', 'Békéscsaba');
INSERT INTO FELHASZNALOK(NEV, JELSZO, LAKCIM, VAROS_NEV) VALUES ('Avery Bushbury', 'starwars', 'Lachner György 42', 'Békéscsaba');
INSERT INTO FELHASZNALOK(NEV, JELSZO, LAKCIM, VAROS_NEV) VALUES ('Avery Felbrigg', 'starwars', 'Lachner György 42', 'Békéscsaba');
INSERT INTO FELHASZNALOK(NEV, JELSZO, LAKCIM, VAROS_NEV) VALUES ('Avery Knody', 'starwars', 'Lachner György 42', 'Békéscsaba');
INSERT INTO FELHASZNALOK(NEV, JELSZO, LAKCIM, VAROS_NEV) VALUES ('Avery Pratt', 'starwars', 'Lachner György 42', 'Békéscsaba');
INSERT INTO FELHASZNALOK(NEV, JELSZO, LAKCIM, VAROS_NEV) VALUES ('Avery Plimmswood', 'starwars', 'Lachner György 42', 'Békéscsaba');
INSERT INTO FELHASZNALOK(NEV, JELSZO, LAKCIM, VAROS_NEV) VALUES ('Avery Pelletoot', 'starwars', 'Lachner György 42', 'Békéscsaba');
INSERT INTO FELHASZNALOK(NEV, JELSZO, LAKCIM, VAROS_NEV) VALUES ('Avery Eggerley', 'starwars', 'Lachner György 42', 'Békéscsaba');
INSERT INTO FELHASZNALOK(NEV, JELSZO, LAKCIM, VAROS_NEV) VALUES ('Avery Switt', 'starwars', 'Lachner György 42', 'Békéscsaba');

INSERT INTO FELHASZNALOK(NEV, JELSZO, LAKCIM, VAROS_NEV) VALUES ('Benedict Kilner', '012345', 'Bihar utca 2', 'Gyula');
INSERT INTO FELHASZNALOK(NEV, JELSZO, LAKCIM, VAROS_NEV) VALUES ('Benedict Lister', '012345', 'Bihar utca 2', 'Gyula');
INSERT INTO FELHASZNALOK(NEV, JELSZO, LAKCIM, VAROS_NEV) VALUES ('Benedict Sawyer', '012345', 'Bihar utca 2', 'Gyula');
INSERT INTO FELHASZNALOK(NEV, JELSZO, LAKCIM, VAROS_NEV) VALUES ('Benedict Cheeseman', '012345', 'Bihar utca 2', 'Gyula');
INSERT INTO FELHASZNALOK(NEV, JELSZO, LAKCIM, VAROS_NEV) VALUES ('Benedict Gisborne', '012345', 'Bihar utca 2', 'Gyula');
INSERT INTO FELHASZNALOK(NEV, JELSZO, LAKCIM, VAROS_NEV) VALUES ('Benedict Chudderley', '012345', 'Bihar utca 2', 'Gyula');
INSERT INTO FELHASZNALOK(NEV, JELSZO, LAKCIM, VAROS_NEV) VALUES ('Benedict Lyfeld', '012345', 'Bihar utca 2', 'Gyula');
INSERT INTO FELHASZNALOK(NEV, JELSZO, LAKCIM, VAROS_NEV) VALUES ('Benedict Shipwash', '012345', 'Bihar utca 2', 'Gyula');
INSERT INTO FELHASZNALOK(NEV, JELSZO, LAKCIM, VAROS_NEV) VALUES ('Benedict Gomfrey', '012345', 'Bihar utca 2', 'Gyula');
INSERT INTO FELHASZNALOK(NEV, JELSZO, LAKCIM, VAROS_NEV) VALUES ('Benedict Barnes', '012345', 'Bihar utca 2', 'Gyula');
INSERT INTO FELHASZNALOK(NEV, JELSZO, LAKCIM, VAROS_NEV) VALUES ('Benedict Hornebolt', '012345', 'Bihar utca 2', 'Gyula');
INSERT INTO FELHASZNALOK(NEV, JELSZO, LAKCIM, VAROS_NEV) VALUES ('Benedict Fodd', '012345', 'Bihar utca 2', 'Gyula');
INSERT INTO FELHASZNALOK(NEV, JELSZO, LAKCIM, VAROS_NEV) VALUES ('Benedict Wilkins', '012345', 'Bihar utca 2', 'Gyula');
INSERT INTO FELHASZNALOK(NEV, JELSZO, LAKCIM, VAROS_NEV) VALUES ('Benedict Wrenn', '012345', 'Bihar utca 2', 'Gyula');
INSERT INTO FELHASZNALOK(NEV, JELSZO, LAKCIM, VAROS_NEV) VALUES ('Benedict Chauncey', '012345', 'Bihar utca 2', 'Gyula');
INSERT INTO FELHASZNALOK(NEV, JELSZO, LAKCIM, VAROS_NEV) VALUES ('Benedict Castletown', '012345', 'Bihar utca 2', 'Gyula');
INSERT INTO FELHASZNALOK(NEV, JELSZO, LAKCIM, VAROS_NEV) VALUES ('Benedict Bushbury', '012345', 'Bihar utca 2', 'Gyula');
INSERT INTO FELHASZNALOK(NEV, JELSZO, LAKCIM, VAROS_NEV) VALUES ('Benedict Felbrigg', '012345', 'Bihar utca 2', 'Gyula');
INSERT INTO FELHASZNALOK(NEV, JELSZO, LAKCIM, VAROS_NEV) VALUES ('Benedict Knody', '012345', 'Bihar utca 2', 'Gyula');
INSERT INTO FELHASZNALOK(NEV, JELSZO, LAKCIM, VAROS_NEV) VALUES ('Benedict Pratt', '012345', 'Bihar utca 2', 'Gyula');
INSERT INTO FELHASZNALOK(NEV, JELSZO, LAKCIM, VAROS_NEV) VALUES ('Benedict Plimmswood', '012345', 'Bihar utca 2', 'Gyula');
INSERT INTO FELHASZNALOK(NEV, JELSZO, LAKCIM, VAROS_NEV) VALUES ('Benedict Pelletoot', '012345', 'Bihar utca 2', 'Gyula');
INSERT INTO FELHASZNALOK(NEV, JELSZO, LAKCIM, VAROS_NEV) VALUES ('Benedict Eggerley', '012345', 'Bihar utca 2', 'Gyula');
INSERT INTO FELHASZNALOK(NEV, JELSZO, LAKCIM, VAROS_NEV) VALUES ('Benedict Switt', '012345', 'Bihar utca 2', 'Gyula');

INSERT INTO FELHASZNALOK(NEV, JELSZO, LAKCIM, VAROS_NEV) VALUES ('Bennett Kilner', 'qwe', 'Rigó 21', 'Békéscsaba');
INSERT INTO FELHASZNALOK(NEV, JELSZO, LAKCIM, VAROS_NEV) VALUES ('Bennett Lister', 'qwe', 'Rigó 21', 'Békéscsaba');
INSERT INTO FELHASZNALOK(NEV, JELSZO, LAKCIM, VAROS_NEV) VALUES ('Bennett Sawyer', 'qwe', 'Rigó 21', 'Békéscsaba');
INSERT INTO FELHASZNALOK(NEV, JELSZO, LAKCIM, VAROS_NEV) VALUES ('Bennett Cheeseman', 'qwe', 'Rigó 21', 'Békéscsaba');
INSERT INTO FELHASZNALOK(NEV, JELSZO, LAKCIM, VAROS_NEV) VALUES ('Bennett Gisborne', 'qwe', 'Rigó 21', 'Békéscsaba');
INSERT INTO FELHASZNALOK(NEV, JELSZO, LAKCIM, VAROS_NEV) VALUES ('Bennett Chudderley', 'qwe', 'Rigó 21', 'Békéscsaba');
INSERT INTO FELHASZNALOK(NEV, JELSZO, LAKCIM, VAROS_NEV) VALUES ('Bennett Lyfeld', 'qwe', 'Rigó 21', 'Békéscsaba');
INSERT INTO FELHASZNALOK(NEV, JELSZO, LAKCIM, VAROS_NEV) VALUES ('Bennett Shipwash', 'qwe', 'Rigó 21', 'Békéscsaba');
INSERT INTO FELHASZNALOK(NEV, JELSZO, LAKCIM, VAROS_NEV) VALUES ('Bennett Gomfrey', 'qwe', 'Rigó 21', 'Békéscsaba');
INSERT INTO FELHASZNALOK(NEV, JELSZO, LAKCIM, VAROS_NEV) VALUES ('Bennett Barnes', 'qwe', 'Rigó 21', 'Békéscsaba');
INSERT INTO FELHASZNALOK(NEV, JELSZO, LAKCIM, VAROS_NEV) VALUES ('Bennett Hornebolt', 'qwe', 'Rigó 21', 'Békéscsaba');
INSERT INTO FELHASZNALOK(NEV, JELSZO, LAKCIM, VAROS_NEV) VALUES ('Bennett Fodd', 'qwe', 'Rigó 21', 'Békéscsaba');
INSERT INTO FELHASZNALOK(NEV, JELSZO, LAKCIM, VAROS_NEV) VALUES ('Bennett Wilkins', 'qwe', 'Rigó 21', 'Békéscsaba');
INSERT INTO FELHASZNALOK(NEV, JELSZO, LAKCIM, VAROS_NEV) VALUES ('Bennett Wrenn', 'qwe', 'Rigó 21', 'Békéscsaba');
INSERT INTO FELHASZNALOK(NEV, JELSZO, LAKCIM, VAROS_NEV) VALUES ('Bennett Chauncey', 'qwe', 'Rigó 21', 'Békéscsaba');
INSERT INTO FELHASZNALOK(NEV, JELSZO, LAKCIM, VAROS_NEV) VALUES ('Bennett Castletown', 'qwe', 'Rigó 21', 'Békéscsaba');
INSERT INTO FELHASZNALOK(NEV, JELSZO, LAKCIM, VAROS_NEV) VALUES ('Bennett Bushbury', 'qwe', 'Rigó 21', 'Békéscsaba');
INSERT INTO FELHASZNALOK(NEV, JELSZO, LAKCIM, VAROS_NEV) VALUES ('Bennett Felbrigg', 'qwe', 'Rigó 21', 'Békéscsaba');
INSERT INTO FELHASZNALOK(NEV, JELSZO, LAKCIM, VAROS_NEV) VALUES ('Bennett Knody', 'qwe', 'Rigó 21', 'Békéscsaba');
INSERT INTO FELHASZNALOK(NEV, JELSZO, LAKCIM, VAROS_NEV) VALUES ('Bennett Pratt', 'qwe', 'Rigó 21', 'Békéscsaba');
INSERT INTO FELHASZNALOK(NEV, JELSZO, LAKCIM, VAROS_NEV) VALUES ('Bennett Plimmswood', 'qwe', 'Rigó 21', 'Békéscsaba');
INSERT INTO FELHASZNALOK(NEV, JELSZO, LAKCIM, VAROS_NEV) VALUES ('Bennett Pelletoot', 'qwe', 'Rigó 21', 'Békéscsaba');
INSERT INTO FELHASZNALOK(NEV, JELSZO, LAKCIM, VAROS_NEV) VALUES ('Bennett Eggerley', 'qwe', 'Rigó 21', 'Békéscsaba');
INSERT INTO FELHASZNALOK(NEV, JELSZO, LAKCIM, VAROS_NEV) VALUES ('Bennett Switt', 'qwe', 'Rigó 21', 'Békéscsaba');

INSERT INTO FELHASZNALOK(NEV, JELSZO, LAKCIM, VAROS_NEV) VALUES ('Borin Kilner', 'jelszooo', 'Boldog Asszony 29', 'Szeged');
INSERT INTO FELHASZNALOK(NEV, JELSZO, LAKCIM, VAROS_NEV) VALUES ('Borin Lister', 'jelszooo', 'Boldog Asszony 29', 'Szeged');
INSERT INTO FELHASZNALOK(NEV, JELSZO, LAKCIM, VAROS_NEV) VALUES ('Borin Sawyer', 'jelszooo', 'Boldog Asszony 29', 'Szeged');
INSERT INTO FELHASZNALOK(NEV, JELSZO, LAKCIM, VAROS_NEV) VALUES ('Borin Cheeseman', 'jelszooo', 'Boldog Asszony 29', 'Szeged');
INSERT INTO FELHASZNALOK(NEV, JELSZO, LAKCIM, VAROS_NEV) VALUES ('Borin Gisborne', 'jelszooo', 'Boldog Asszony 29', 'Szeged');
INSERT INTO FELHASZNALOK(NEV, JELSZO, LAKCIM, VAROS_NEV) VALUES ('Borin Chudderley', 'jelszooo', 'Boldog Asszony 29', 'Szeged');
INSERT INTO FELHASZNALOK(NEV, JELSZO, LAKCIM, VAROS_NEV) VALUES ('Borin Lyfeld', 'jelszooo', 'Boldog Asszony 29', 'Szeged');
INSERT INTO FELHASZNALOK(NEV, JELSZO, LAKCIM, VAROS_NEV) VALUES ('Borin Shipwash', 'jelszooo', 'Boldog Asszony 29', 'Szeged');
INSERT INTO FELHASZNALOK(NEV, JELSZO, LAKCIM, VAROS_NEV) VALUES ('Borin Gomfrey', 'jelszooo', 'Boldog Asszony 29', 'Szeged');
INSERT INTO FELHASZNALOK(NEV, JELSZO, LAKCIM, VAROS_NEV) VALUES ('Borin Barnes', 'jelszooo', 'Boldog Asszony 29', 'Szeged');
INSERT INTO FELHASZNALOK(NEV, JELSZO, LAKCIM, VAROS_NEV) VALUES ('Borin Hornebolt', 'jelszooo', 'Boldog Asszony 29', 'Szeged');
INSERT INTO FELHASZNALOK(NEV, JELSZO, LAKCIM, VAROS_NEV) VALUES ('Borin Fodd', 'jelszooo', 'Boldog Asszony 29', 'Szeged');
INSERT INTO FELHASZNALOK(NEV, JELSZO, LAKCIM, VAROS_NEV) VALUES ('Borin Wilkins', 'jelszooo', 'Boldog Asszony 29', 'Szeged');
INSERT INTO FELHASZNALOK(NEV, JELSZO, LAKCIM, VAROS_NEV) VALUES ('Borin Wrenn', 'jelszooo', 'Boldog Asszony 29', 'Szeged');
INSERT INTO FELHASZNALOK(NEV, JELSZO, LAKCIM, VAROS_NEV) VALUES ('Borin Chauncey', 'jelszooo', 'Boldog Asszony 29', 'Szeged');
INSERT INTO FELHASZNALOK(NEV, JELSZO, LAKCIM, VAROS_NEV) VALUES ('Borin Castletown', 'jelszooo', 'Boldog Asszony 29', 'Szeged');
INSERT INTO FELHASZNALOK(NEV, JELSZO, LAKCIM, VAROS_NEV) VALUES ('Borin Bushbury', 'jelszooo', 'Boldog Asszony 29', 'Szeged');
INSERT INTO FELHASZNALOK(NEV, JELSZO, LAKCIM, VAROS_NEV) VALUES ('Borin Felbrigg', 'jelszooo', 'Boldog Asszony 29', 'Szeged');
INSERT INTO FELHASZNALOK(NEV, JELSZO, LAKCIM, VAROS_NEV) VALUES ('Borin Knody', 'jelszooo', 'Boldog Asszony 29', 'Szeged');
INSERT INTO FELHASZNALOK(NEV, JELSZO, LAKCIM, VAROS_NEV) VALUES ('Borin Pratt', 'jelszooo', 'Boldog Asszony 29', 'Szeged');
INSERT INTO FELHASZNALOK(NEV, JELSZO, LAKCIM, VAROS_NEV) VALUES ('Borin Plimmswood', 'jelszooo', 'Boldog Asszony 29', 'Szeged');
INSERT INTO FELHASZNALOK(NEV, JELSZO, LAKCIM, VAROS_NEV) VALUES ('Borin Pelletoot', 'jelszooo', 'Boldog Asszony 29', 'Szeged');
INSERT INTO FELHASZNALOK(NEV, JELSZO, LAKCIM, VAROS_NEV) VALUES ('Borin Eggerley', 'jelszooo', 'Boldog Asszony 29', 'Szeged');
INSERT INTO FELHASZNALOK(NEV, JELSZO, LAKCIM, VAROS_NEV) VALUES ('Borin Switt', 'jelszooo', 'Boldog Asszony 29', 'Szeged');



CREATE OR REPLACE TRIGGER uj_termek
BEFORE INSERT ON ARU
BEGIN
DBMS_OUTPUT.PUT_LINE('Új termék lesz felvéve!');
END;